raceid,keyrace,uncontested,first,last,gender,party,winner,votes,pct
ALH01,FALSE,FALSE,Bradley,Byrne,male,R,TRUE,152308,63.3
ALH01,FALSE,FALSE,Robert,Kennedy,male,D,FALSE,88365,36.7
ALH02,FALSE,FALSE,Martha,Roby,female,R,TRUE,138582,61.5
ALH02,FALSE,FALSE,Tabitha,Isner,female,D,FALSE,86581,38.5
ALH03,FALSE,FALSE,Mike,Rogers,male,R,TRUE,147481,63.8
ALH03,FALSE,FALSE,Mallory,Hagan,female,D,FALSE,83748,36.2
ALH04,FALSE,FALSE,Robert,Aderholt,male,R,TRUE,183968,79.9
ALH04,FALSE,FALSE,Lee,Auman,male,D,FALSE,46370,20.1
ALH05,FALSE,FALSE,Mo,Brooks,male,R,TRUE,158373,61.1
ALH05,FALSE,FALSE,Peter,Joffrion,male,D,FALSE,100778,38.9
ALH06,FALSE,FALSE,Gary,Palmer,male,R,TRUE,192227,69.3
ALH06,FALSE,FALSE,Danner,Kline,male,D,FALSE,85337,30.7
ALH07,FALSE,TRUE,Terri,Sewell,female,D,TRUE,184694,100
AKH01,FALSE,FALSE,Don,Young,male,R,TRUE,147614,53.4
AKH01,FALSE,FALSE,Alyse,Galvin,female,D,FALSE,128754,46.6
AZH01,TRUE,FALSE,Tom,O'Halleran,male,D,TRUE,143240,53.8
AZH01,TRUE,FALSE,Wendy,Rogers,female,R,FALSE,122784,46.2
AZH02,TRUE,FALSE,Ann,Kirkpatrick,female,D,TRUE,161000,54.7
AZH02,TRUE,FALSE,Lea,Marquez Peterson,female,R,FALSE,133083,45.3
AZH03,FALSE,FALSE,Raul,Grijalva,male,D,TRUE,114650,63.9
AZH03,FALSE,FALSE,Nick,Pierson,male,R,FALSE,64868,36.1
AZH04,FALSE,FALSE,Paul,Gosar,male,R,TRUE,188842,68.2
AZH04,FALSE,FALSE,David,Brill,male,D,FALSE,84521,30.5
AZH05,FALSE,FALSE,Andy,Biggs,male,R,TRUE,186037,59.4
AZH05,FALSE,FALSE,Joan,Greene,female,D,FALSE,127027,40.6
AZH06,TRUE,FALSE,David,Schweikert,male,R,TRUE,173140,55.2
AZH06,TRUE,FALSE,Anita,Malik,female,D,FALSE,140559,44.8
AZH07,FALSE,TRUE,Ruben,Gallego,male,D,TRUE,113043,85.8
AZH07,FALSE,TRUE,Gary,Swing,male,GR,FALSE,18706,14.2
AZH08,TRUE,FALSE,Debbie,Lesko,female,R,TRUE,168835,55.5
AZH08,TRUE,FALSE,Hiral,Tipirneni,female,D,FALSE,135569,44.5
AZH09,TRUE,FALSE,Greg,Stanton,male,D,TRUE,159583,61.1
AZH09,TRUE,FALSE,Steve,Ferrara,male,R,FALSE,101662,38.9
ARH01,FALSE,FALSE,Rick,Crawford,male,R,TRUE,138748,68.9
ARH01,FALSE,FALSE,Chintan,Desai,male,D,FALSE,57913,28.8
ARH02,TRUE,FALSE,French,Hill,male,R,TRUE,132122,52.1
ARH02,TRUE,FALSE,Clarke,Tucker,male,D,FALSE,116135,45.8
ARH03,FALSE,FALSE,Steve,Womack,male,R,TRUE,148717,64.8
ARH03,FALSE,FALSE,Joshua,Mahony,male,D,FALSE,74951,32.6
ARH04,FALSE,FALSE,Bruce,Westerman,male,R,TRUE,136727,66.8
ARH04,FALSE,FALSE,Hayden,Shamel,female,D,FALSE,63977,31.3
CAH01,FALSE,FALSE,Doug,LaMalfa,male,R,TRUE,155027,55.1
CAH01,FALSE,FALSE,Audrey,Denney,female,D,FALSE,126487,44.9
CAH02,FALSE,FALSE,Jared,Huffman,male,D,TRUE,181621,76.4
CAH02,FALSE,FALSE,Dale,Mensing,male,R,FALSE,56028,23.6
CAH03,FALSE,FALSE,John,Garamendi,male,D,TRUE,117931,57.1
CAH03,FALSE,FALSE,Charlie,Schaupp,male,R,FALSE,88523,42.9
CAH04,TRUE,FALSE,Tom,McClintock,male,R,TRUE,174008,54.3
CAH04,TRUE,FALSE,Jessica,Morse,female,D,FALSE,146339,45.7
CAH05,FALSE,TRUE,Mike,Thompson,male,D,TRUE,162947,78.4
CAH05,FALSE,TRUE,Anthony,Mills,male,O,FALSE,45023,21.6
CAH06,FALSE,TRUE,Doris,Matsui,female,D,TRUE,147259,80.9
CAH06,FALSE,TRUE,Jrmar,Jefferson,male,D,FALSE,34675,19.1
CAH07,FALSE,FALSE,Ami,Bera,male,D,TRUE,143342,54.8
CAH07,FALSE,FALSE,Andrew,Grant,male,R,FALSE,117998,45.2
CAH08,FALSE,TRUE,Paul,Cook,male,R,TRUE,95665,60.2
CAH08,FALSE,TRUE,Tim,Donnelly,male,R,FALSE,63257,39.8
CAH09,FALSE,FALSE,Jerry,McNerney,male,D,TRUE,102686,55.9
CAH09,FALSE,FALSE,Marla,Livengood,female,R,FALSE,81144,44.1
CAH10,TRUE,FALSE,Josh,Harder,male,D,TRUE,106200,51.6
CAH10,TRUE,FALSE,Jeff,Denham,male,R,FALSE,99595,48.4
CAH11,FALSE,FALSE,Mark,DeSaulnier,male,D,TRUE,186414,74
CAH11,FALSE,FALSE,John,Fitzgerald,male,R,FALSE,65520,26
CAH12,FALSE,FALSE,Nancy,Pelosi,female,D,TRUE,274991,86.8
CAH12,FALSE,FALSE,Lisa,Remmer,female,R,FALSE,41744,13.2
CAH13,FALSE,TRUE,Barbara,Lee,female,D,TRUE,260427,88.4
CAH13,FALSE,TRUE,Laura,Wells,female,GR,FALSE,34237,11.6
CAH14,FALSE,FALSE,Jackie,Speier,female,D,TRUE,184850,79
CAH14,FALSE,FALSE,Cristina,Osmena,female,R,FALSE,49239,21
CAH15,FALSE,FALSE,Eric,Swalwell,male,D,TRUE,176279,73
CAH15,FALSE,FALSE,Rudy,Peters,male,R,FALSE,65251,27
CAH16,FALSE,FALSE,Jim,Costa,male,D,TRUE,73375,56.5
CAH16,FALSE,FALSE,Elizabeth,Heng,female,R,FALSE,56577,43.5
CAH17,FALSE,FALSE,Ro,Khanna,male,D,TRUE,154796,75.2
CAH17,FALSE,FALSE,Ron,Cohen,male,R,FALSE,50922,24.8
CAH18,FALSE,FALSE,Anna,Eshoo,female,D,TRUE,212274,74.3
CAH18,FALSE,FALSE,Christine,Russell,female,R,FALSE,73505,25.7
CAH19,FALSE,FALSE,Zoe,Lofgren,female,D,TRUE,157285,73.7
CAH19,FALSE,FALSE,Justin,Aguilera,male,R,FALSE,56251,26.3
CAH20,FALSE,TRUE,Jimmy,Panetta,male,D,TRUE,169957,81.1
CAH20,FALSE,TRUE,Ronald,Kabat,male,O,FALSE,39494,18.9
CAH21,TRUE,FALSE,David,Valadao,male,R,TRUE,52312,50.5
CAH21,TRUE,FALSE,TJ,Cox,male,D,FALSE,51343,49.5
CAH22,FALSE,FALSE,Devin,Nunes,male,R,TRUE,108822,53.5
CAH22,FALSE,FALSE,Andrew,Janz,male,D,FALSE,94729,46.5
CAH23,FALSE,FALSE,Kevin,McCarthy,male,R,TRUE,126621,64.3
CAH23,FALSE,FALSE,Tatiana,Matta,female,D,FALSE,70413,35.7
CAH24,FALSE,FALSE,Salud,Carbajal,male,D,TRUE,154833,58
CAH24,FALSE,FALSE,Justin,Fareed,male,R,FALSE,111992,42
CAH25,TRUE,FALSE,Katie,Hill,female,D,TRUE,121336,53.6
CAH25,TRUE,FALSE,Steve,Knight,male,R,FALSE,105110,46.4
CAH26,FALSE,FALSE,Julia,Brownley,female,D,TRUE,143880,61.4
CAH26,FALSE,FALSE,Antonio,Sabato,male,R,FALSE,90334,38.6
CAH27,FALSE,TRUE,Judy,Chu,female,D,TRUE,152193,79.4
CAH27,FALSE,TRUE,Bryan,Witt,male,D,FALSE,39588,20.6
CAH28,FALSE,FALSE,Adam,Schiff,male,D,TRUE,184935,78.2
CAH28,FALSE,FALSE,Johnny,Nalbandian,male,R,FALSE,51677,21.8
CAH29,FALSE,FALSE,Tony,Cardenas,male,D,TRUE,115456,80.4
CAH29,FALSE,FALSE,Benito,Bernal,male,R,FALSE,28176,19.6
CAH30,FALSE,FALSE,Brad,Sherman,male,D,TRUE,180312,73.2
CAH30,FALSE,FALSE,Mark,Reed,male,R,FALSE,66070,26.8
CAH31,FALSE,FALSE,Pete,Aguilar,male,D,TRUE,99805,58
CAH31,FALSE,FALSE,Sean,Flynn,male,R,FALSE,72286,42
CAH32,FALSE,FALSE,Grace,Napolitano,female,D,TRUE,112836,68.4
CAH32,FALSE,FALSE,Joshua,Scott,male,R,FALSE,52068,31.6
CAH33,FALSE,FALSE,Ted,Lieu,male,D,TRUE,208173,69.9
CAH33,FALSE,FALSE,Kenneth,Wright,male,R,FALSE,89744,30.1
CAH34,FALSE,TRUE,Jimmy,Gomez,male,D,TRUE,101125,72.7
CAH34,FALSE,TRUE,Kenneth,Mejia,male,GR,FALSE,37992,27.3
CAH35,FALSE,FALSE,Norma,Torres,female,D,TRUE,93389,68.8
CAH35,FALSE,FALSE,Christian,Valiente,male,R,FALSE,42374,31.2
CAH36,FALSE,FALSE,Raul,Ruiz,male,D,TRUE,92475,57.8
CAH36,FALSE,FALSE,Kimberlin,Pelzer,female,R,FALSE,67486,42.2
CAH37,FALSE,FALSE,Karen,Bass,female,D,TRUE,196966,89
CAH37,FALSE,FALSE,Ron,Bassilian,male,R,FALSE,24274,11
CAH38,FALSE,FALSE,Linda,Sanchez,female,D,TRUE,128532,68.4
CAH38,FALSE,FALSE,Ryan,Downing,male,R,FALSE,59423,31.6
CAH39,TRUE,FALSE,Gil,Cisneros,male,D,TRUE,119805,51.2
CAH39,TRUE,FALSE,Young,Kim,female,R,FALSE,114284,48.8
CAH40,FALSE,TRUE,Lucille,Roybal-Allard,female,D,TRUE,83948,77.4
CAH40,FALSE,TRUE,Rodolfo,Barragan,male,GR,FALSE,24511,22.6
CAH41,FALSE,FALSE,Mark,Takano,male,D,TRUE,76554,62.4
CAH41,FALSE,FALSE,Aja,Smith,female,R,FALSE,46175,37.6
CAH42,FALSE,FALSE,Ken,Calvert,male,R,TRUE,101929,57.7
CAH42,FALSE,FALSE,Julia,Peacock,female,D,FALSE,74633,42.3
CAH43,FALSE,FALSE,Maxine,Waters,female,D,TRUE,139628,77.2
CAH43,FALSE,FALSE,Omar,Navarro,male,R,FALSE,41176,22.8
CAH44,FALSE,TRUE,Nanette,Barragan,female,D,TRUE,90223,69
CAH44,FALSE,TRUE,Aja,Brown,female,D,FALSE,40605,31
CAH45,TRUE,FALSE,Katie,Porter,female,D,TRUE,147944,51.7
CAH45,TRUE,FALSE,Mimi,Walters,female,R,FALSE,138346,48.3
CAH46,FALSE,FALSE,Lou,Correa,male,D,TRUE,96109,68.8
CAH46,FALSE,FALSE,Russell,Lambert,male,R,FALSE,43628,31.2
CAH47,FALSE,FALSE,Alan,Lowenthal,male,D,TRUE,133188,64.4
CAH47,FALSE,FALSE,John,Briscoe,male,R,FALSE,73733,35.6
CAH48,TRUE,FALSE,Harley,Rouda,male,D,TRUE,146183,53.3
CAH48,TRUE,FALSE,Dana,Rohrabacher,male,R,FALSE,127837,46.7
CAH49,TRUE,FALSE,Mike,Levin,male,D,TRUE,150536,56
CAH49,TRUE,FALSE,Diane,Harkey,female,R,FALSE,118360,44
CAH50,TRUE,FALSE,Duncan,Hunter,male,R,TRUE,121189,52.2
CAH50,TRUE,FALSE,Ammar,Campa-Najjar,male,D,FALSE,111095,47.8
CAH51,FALSE,FALSE,Juan,Vargas,male,D,TRUE,93477,70.3
CAH51,FALSE,FALSE,Juan,Hidalgo,male,R,FALSE,39413,29.7
CAH52,FALSE,FALSE,Scott,Peters,male,D,TRUE,171127,63.6
CAH52,FALSE,FALSE,Omar,Qudrat,male,R,FALSE,98072,36.4
CAH53,FALSE,FALSE,Susan,Davis,female,D,TRUE,163702,68.5
CAH53,FALSE,FALSE,Morgan,Murtaugh,male,R,FALSE,75364,31.5
COH01,FALSE,FALSE,Diana,DeGette,female,D,TRUE,272886,73.8
COH01,FALSE,FALSE,Casper,Stockham,male,R,FALSE,85205,23
COH02,FALSE,FALSE,Joe,Neguse,male,D,TRUE,259558,60.3
COH02,FALSE,FALSE,Peter,Yu,male,R,FALSE,144866,33.6
COH03,FALSE,FALSE,Scott,Tipton,male,R,TRUE,171984,51.5
COH03,FALSE,FALSE,Diane,Mitsch Bush,female,D,FALSE,145638,43.6
COH04,FALSE,FALSE,Ken,Buck,male,R,TRUE,224013,60.6
COH04,FALSE,FALSE,Karen,McCormick,female,D,FALSE,145545,39.4
COH05,FALSE,FALSE,Doug,Lamborn,male,R,TRUE,181356,57.2
COH05,FALSE,FALSE,Stephany,Spaulding,female,D,FALSE,124101,39.2
COH06,TRUE,FALSE,Jason,Crow,male,D,TRUE,187639,54.1
COH06,TRUE,FALSE,Mike,Coffman,male,R,FALSE,148685,42.9
COH07,FALSE,FALSE,Ed,Perlmutter,male,D,TRUE,204282,60.4
COH07,FALSE,FALSE,Mark,Barrington,male,R,FALSE,119749,35.4
CTH01,FALSE,FALSE,John,Larson,male,D,TRUE,174217,63.5
CTH01,FALSE,FALSE,Jennifer,Nye,female,R,FALSE,96973,35.4
CTH02,FALSE,FALSE,Joe,Courtney,male,D,TRUE,180537,62.2
CTH02,FALSE,FALSE,Dan,Postemski,male,R,FALSE,102701,35.4
CTH03,FALSE,FALSE,Rosa,DeLauro,female,D,TRUE,174408,64.6
CTH03,FALSE,FALSE,Angel,Cadena,male,R,FALSE,95775,35.4
CTH04,FALSE,FALSE,Jim,Himes,male,D,TRUE,168726,61.2
CTH04,FALSE,FALSE,Harry,Arora,male,R,FALSE,106921,38.8
CTH05,FALSE,FALSE,Jahana,Hayes,female,D,TRUE,152125,55.9
CTH05,FALSE,FALSE,Manny,Santos,male,R,FALSE,120137,44.1
DEH01,FALSE,FALSE,Lisa,Blunt Rochester,female,D,TRUE,227353,64.5
DEH01,FALSE,FALSE,Scott,Walker,male,R,FALSE,125384,35.5
FLH01,FALSE,FALSE,Matt,Gaetz,male,R,TRUE,216189,67.1
FLH01,FALSE,FALSE,Jennifer,Zimmerman,female,D,FALSE,106199,32.9
FLH02,FALSE,FALSE,Neal,Dunn,male,R,TRUE,199335,67.4
FLH02,FALSE,FALSE,Bob,Rackleff,male,D,FALSE,96233,32.6
FLH03,FALSE,FALSE,Ted,Yoho,male,R,TRUE,176616,57.6
FLH03,FALSE,FALSE,Yvonne,Hayes Hinson,female,D,FALSE,129880,42.4
FLH04,FALSE,FALSE,John,Rutherford,male,R,TRUE,248420,65.2
FLH04,FALSE,FALSE,Ges,Selmont,male,D,FALSE,123351,32.4
FLH05,FALSE,FALSE,Al,Lawson,male,D,TRUE,180527,66.8
FLH05,FALSE,FALSE,Virginia,Fuller,female,R,FALSE,89799,33.2
FLH06,TRUE,FALSE,Michael,Waltz,male,R,TRUE,187891,56.3
FLH06,TRUE,FALSE,Nancy,Soderberg,female,D,FALSE,145758,43.7
FLH07,FALSE,FALSE,Stephanie,Murphy,female,D,TRUE,183113,57.7
FLH07,FALSE,FALSE,Mike,Miller,male,R,FALSE,134285,42.3
FLH08,FALSE,FALSE,Bill,Posey,male,R,TRUE,218112,60.5
FLH08,FALSE,FALSE,Sanjay,Patel,male,D,FALSE,142415,39.5
FLH09,FALSE,FALSE,Darren,Soto,male,D,TRUE,172172,58
FLH09,FALSE,FALSE,Wayne,Liebnitzky,male,R,FALSE,124565,42
FLH10,FALSE,TRUE,Val,Demings,female,D,TRUE,0,0
FLH11,FALSE,FALSE,Daniel,Webster,male,R,TRUE,239395,65.2
FLH11,FALSE,FALSE,Dana,Cottrell,female,D,FALSE,128053,34.8
FLH12,FALSE,FALSE,Gus,Bilirakis,male,R,TRUE,194564,58.1
FLH12,FALSE,FALSE,Chris,Hunter,male,D,FALSE,132844,39.7
FLH13,FALSE,FALSE,Charlie,Crist,male,D,TRUE,182717,57.6
FLH13,FALSE,FALSE,George,Buck,male,R,FALSE,134254,42.4
FLH14,FALSE,TRUE,Kathy,Castor,female,D,TRUE,0,0
FLH15,TRUE,FALSE,Ross,Spano,male,R,TRUE,151380,53
FLH15,TRUE,FALSE,Kristen,Carlson,female,D,FALSE,134132,47
FLH16,TRUE,FALSE,Vern,Buchanan,male,R,TRUE,197483,54.6
FLH16,TRUE,FALSE,David,Shapiro,male,D,FALSE,164463,45.4
FLH17,FALSE,FALSE,Greg,Steube,male,R,TRUE,193326,62.3
FLH17,FALSE,FALSE,April,Freeman,female,D,FALSE,117194,37.7
FLH18,TRUE,FALSE,Brian,Mast,male,R,TRUE,185905,54.3
FLH18,TRUE,FALSE,Lauren,Baer,female,D,FALSE,156454,45.7
FLH19,FALSE,FALSE,Francis,Rooney,male,R,TRUE,211465,62.3
FLH19,FALSE,FALSE,David,Holden,male,D,FALSE,128106,37.7
FLH20,FALSE,TRUE,Alcee,Hastings,male,D,TRUE,202635,99.9
FLH21,FALSE,TRUE,Lois,Frankel,female,D,TRUE,0,0
FLH22,FALSE,FALSE,Ted,Deutch,male,D,TRUE,184634,62
FLH22,FALSE,FALSE,Nicolas,Kimaz,male,R,FALSE,113049,38
FLH23,FALSE,FALSE,Debbie,Wasserman Schultz,female,D,TRUE,161611,58.5
FLH23,FALSE,FALSE,Joe,Kaufman,male,R,FALSE,99446,36
FLH24,FALSE,TRUE,Frederica,Wilson,female,D,TRUE,0,0
FLH25,TRUE,FALSE,Mario,Diaz-Balart,male,R,TRUE,128672,60.5
FLH25,TRUE,FALSE,Mary,Barzee Flores,female,D,FALSE,84173,39.5
FLH26,TRUE,FALSE,Debbie,Mucarsel-Powell,female,D,TRUE,119797,50.9
FLH26,TRUE,FALSE,Carlos,Curbelo,male,R,FALSE,115678,49.1
FLH27,TRUE,FALSE,Donna,Shalala,female,D,TRUE,130743,51.8
FLH27,TRUE,FALSE,Maria Elvira,Salazar,female,R,FALSE,115588,45.8
GAH01,FALSE,FALSE,Buddy,Carter,male,R,TRUE,144742,57.7
GAH01,FALSE,FALSE,Lisa,Ring,female,D,FALSE,105942,42.3
GAH02,FALSE,FALSE,Sanford,Bishop,male,D,TRUE,136700,59.6
GAH02,FALSE,FALSE,Herman,West,male,R,FALSE,92471,40.4
GAH03,FALSE,FALSE,Drew,Ferguson,male,R,TRUE,191996,65.5
GAH03,FALSE,FALSE,Charles,Enderlin,male,D,FALSE,101010,34.5
GAH04,FALSE,FALSE,Hank,Johnson,male,D,TRUE,227717,78.8
GAH04,FALSE,FALSE,Joe,Profit,male,R,FALSE,61092,21.2
GAH05,FALSE,TRUE,John,Lewis,male,D,TRUE,275406,100
GAH06,TRUE,FALSE,Lucy,McBath,female,D,TRUE,160139,50.5
GAH06,TRUE,FALSE,Karen,Handel,female,R,FALSE,156875,49.5
GAH07,TRUE,FALSE,Rob,Woodall,male,R,FALSE,140430,50.1
GAH07,TRUE,FALSE,Carolyn,Bourdeaux,female,D,FALSE,140011,49.9
GAH08,FALSE,TRUE,Austin,Scott,male,R,TRUE,198152,100
GAH09,FALSE,FALSE,Doug,Collins,male,R,TRUE,224665,79.5
GAH09,FALSE,FALSE,Josh,McCall,male,D,FALSE,57925,20.5
GAH10,FALSE,FALSE,Jody,Hice,male,R,TRUE,190395,62.9
GAH10,FALSE,FALSE,Tabitha,Johnson-Green,female,D,FALSE,112346,37.1
GAH11,FALSE,FALSE,Barry,Loudermilk,male,R,TRUE,191887,61.8
GAH11,FALSE,FALSE,Flynn,Broady,male,D,FALSE,118653,38.2
GAH12,FALSE,FALSE,Rick,Allen,male,R,TRUE,148986,59.5
GAH12,FALSE,FALSE,Francys,Johnson,male,D,FALSE,101503,40.5
GAH13,FALSE,FALSE,David,Scott,male,D,TRUE,223157,76.2
GAH13,FALSE,FALSE,David,Callahan,male,R,FALSE,69760,23.8
GAH14,FALSE,FALSE,Tom,Graves,male,R,TRUE,175743,76.5
GAH14,FALSE,FALSE,Steven,Foster,male,D,FALSE,53981,23.5
HIH01,FALSE,FALSE,Ed,Case,male,D,TRUE,134650,73.1
HIH01,FALSE,FALSE,Cam,Cavasso,male,R,FALSE,42498,23.1
HIH02,FALSE,FALSE,Tulsi,Gabbard,female,D,TRUE,153271,77.4
HIH02,FALSE,FALSE,Brian,Evans,male,R,FALSE,44850,22.6
IDH01,FALSE,FALSE,Russ,Fulcher,male,R,TRUE,197151,62.7
IDH01,FALSE,FALSE,Cristina,McNeil,female,D,FALSE,96909,30.8
IDH02,FALSE,FALSE,Mike,Simpson,male,R,TRUE,170280,60.7
IDH02,FALSE,FALSE,Aaron,Swisher,male,D,FALSE,110386,39.3
ILH01,FALSE,FALSE,Bobby,Rush,male,D,TRUE,186403,73.4
ILH01,FALSE,FALSE,Jimmy,Tillman,male,R,FALSE,50521,19.9
ILH02,FALSE,FALSE,Robin,Kelly,female,D,TRUE,188342,81
ILH02,FALSE,FALSE,David,Merkle,male,R,FALSE,44303,19
ILH03,FALSE,FALSE,Dan,Lipinski,male,D,TRUE,160501,73.7
ILH03,FALSE,FALSE,Art,Jones,male,R,FALSE,57298,26.3
ILH04,FALSE,FALSE,Jesus 'Chuy',Garcia,male,D,TRUE,141446,86.5
ILH04,FALSE,FALSE,Mark,Lorch,male,R,FALSE,22047,13.5
ILH05,FALSE,FALSE,Mike,Quigley,male,D,TRUE,208427,76.5
ILH05,FALSE,FALSE,Tom,Hanson,male,R,FALSE,64166,23.5
ILH06,TRUE,FALSE,Sean,Casten,male,D,TRUE,157336,52.9
ILH06,TRUE,FALSE,Peter,Roskam,male,R,FALSE,140254,47.1
ILH07,FALSE,FALSE,Danny,Davis,male,D,TRUE,211134,87.6
ILH07,FALSE,FALSE,Craig,Cameron,male,R,FALSE,29862,12.4
ILH08,FALSE,FALSE,Raja,Krishnamoorthi,male,D,TRUE,126901,65.7
ILH08,FALSE,FALSE,Jitendra,Diganvker,male,R,FALSE,66153,34.3
ILH09,FALSE,FALSE,Jan,Schakowsky,female,D,TRUE,209849,73.3
ILH09,FALSE,FALSE,John,Elleson,male,R,FALSE,76373,26.7
ILH10,FALSE,FALSE,Brad,Schneider,male,D,TRUE,152837,65.4
ILH10,FALSE,FALSE,Douglas,Bennett,male,R,FALSE,80737,34.6
ILH11,FALSE,FALSE,Bill,Foster,male,D,TRUE,140929,63.6
ILH11,FALSE,FALSE,Nick,Stella,male,R,FALSE,80782,36.4
ILH12,TRUE,FALSE,Mike,Bost,male,R,TRUE,131613,51.7
ILH12,TRUE,FALSE,Brendan,Kelly,male,D,FALSE,115408,45.3
ILH13,TRUE,FALSE,Rodney,Davis,male,R,TRUE,150586,52.2
ILH13,TRUE,FALSE,Betsy,Londrigan,female,D,FALSE,137846,47.8
ILH14,TRUE,FALSE,Lauren,Underwood,female,D,TRUE,142261,51.9
ILH14,TRUE,FALSE,Randy,Hultgren,male,R,FALSE,131819,48.1
ILH15,FALSE,FALSE,John,Shimkus,male,R,TRUE,175682,71.7
ILH15,FALSE,FALSE,Kevin,Gaither,male,D,FALSE,69304,28.3
ILH16,FALSE,FALSE,Adam,Kinzinger,male,R,TRUE,149205,59.6
ILH16,FALSE,FALSE,Sara,Dady,female,D,FALSE,101059,40.4
ILH17,FALSE,FALSE,Cheri,Bustos,female,D,TRUE,136989,61.9
ILH17,FALSE,FALSE,Bill,Fawell,male,R,FALSE,84381,38.1
ILH18,FALSE,FALSE,Darin,LaHood,male,R,TRUE,193589,67.2
ILH18,FALSE,FALSE,Junius,Rodriguez,male,D,FALSE,94508,32.8
GAH01,FALSE,FALSE,Buddy,Carter,male,R,TRUE,144742,57.7
GAH01,FALSE,FALSE,Lisa,Ring,female,D,FALSE,105942,42.3
GAH02,FALSE,FALSE,Sanford,Bishop,male,D,TRUE,136700,59.6
GAH02,FALSE,FALSE,Herman,West,male,R,FALSE,92471,40.4
GAH03,FALSE,FALSE,Drew,Ferguson,male,R,TRUE,191996,65.5
GAH03,FALSE,FALSE,Charles,Enderlin,male,D,FALSE,101010,34.5
GAH04,FALSE,FALSE,Hank,Johnson,male,D,TRUE,227717,78.8
GAH04,FALSE,FALSE,Joe,Profit,male,R,FALSE,61092,21.2
GAH05,FALSE,TRUE,John,Lewis,male,D,TRUE,275406,100
GAH06,TRUE,FALSE,Lucy,McBath,female,D,TRUE,160139,50.5
GAH06,TRUE,FALSE,Karen,Handel,female,R,FALSE,156875,49.5
GAH07,TRUE,FALSE,Rob,Woodall,male,R,FALSE,140430,50.1
GAH07,TRUE,FALSE,Carolyn,Bourdeaux,female,D,FALSE,140011,49.9
GAH08,FALSE,TRUE,Austin,Scott,male,R,TRUE,198152,100
GAH09,FALSE,FALSE,Doug,Collins,male,R,TRUE,224665,79.5
GAH09,FALSE,FALSE,Josh,McCall,male,D,FALSE,57925,20.5
GAH10,FALSE,FALSE,Jody,Hice,male,R,TRUE,190395,62.9
GAH10,FALSE,FALSE,Tabitha,Johnson-Green,female,D,FALSE,112346,37.1
GAH11,FALSE,FALSE,Barry,Loudermilk,male,R,TRUE,191887,61.8
GAH11,FALSE,FALSE,Flynn,Broady,male,D,FALSE,118653,38.2
GAH12,FALSE,FALSE,Rick,Allen,male,R,TRUE,148986,59.5
GAH12,FALSE,FALSE,Francys,Johnson,male,D,FALSE,101503,40.5
GAH13,FALSE,FALSE,David,Scott,male,D,TRUE,223157,76.2
GAH13,FALSE,FALSE,David,Callahan,male,R,FALSE,69760,23.8
GAH14,FALSE,FALSE,Tom,Graves,male,R,TRUE,175743,76.5
GAH14,FALSE,FALSE,Steven,Foster,male,D,FALSE,53981,23.5
HIH01,FALSE,FALSE,Ed,Case,male,D,TRUE,134650,73.1
HIH01,FALSE,FALSE,Cam,Cavasso,male,R,FALSE,42498,23.1
HIH02,FALSE,FALSE,Tulsi,Gabbard,female,D,TRUE,153271,77.4
HIH02,FALSE,FALSE,Brian,Evans,male,R,FALSE,44850,22.6
IDH01,FALSE,FALSE,Russ,Fulcher,male,R,TRUE,197151,62.7
IDH01,FALSE,FALSE,Cristina,McNeil,female,D,FALSE,96909,30.8
IDH02,FALSE,FALSE,Mike,Simpson,male,R,TRUE,170280,60.7
IDH02,FALSE,FALSE,Aaron,Swisher,male,D,FALSE,110386,39.3
ILH01,FALSE,FALSE,Bobby,Rush,male,D,TRUE,186403,73.4
ILH01,FALSE,FALSE,Jimmy,Tillman,male,R,FALSE,50521,19.9
ILH02,FALSE,FALSE,Robin,Kelly,female,D,TRUE,188342,81
ILH02,FALSE,FALSE,David,Merkle,male,R,FALSE,44303,19
ILH03,FALSE,FALSE,Dan,Lipinski,male,D,TRUE,160501,73.7
ILH03,FALSE,FALSE,Art,Jones,male,R,FALSE,57298,26.3
ILH04,FALSE,FALSE,Jesus 'Chuy',Garcia,male,D,TRUE,141446,86.5
ILH04,FALSE,FALSE,Mark,Lorch,male,R,FALSE,22047,13.5
ILH05,FALSE,FALSE,Mike,Quigley,male,D,TRUE,208427,76.5
ILH05,FALSE,FALSE,Tom,Hanson,male,R,FALSE,64166,23.5
ILH06,TRUE,FALSE,Sean,Casten,male,D,TRUE,157336,52.9
ILH06,TRUE,FALSE,Peter,Roskam,male,R,FALSE,140254,47.1
ILH07,FALSE,FALSE,Danny,Davis,male,D,TRUE,211134,87.6
ILH07,FALSE,FALSE,Craig,Cameron,male,R,FALSE,29862,12.4
ILH08,FALSE,FALSE,Raja,Krishnamoorthi,male,D,TRUE,126901,65.7
ILH08,FALSE,FALSE,Jitendra,Diganvker,male,R,FALSE,66153,34.3
ILH09,FALSE,FALSE,Jan,Schakowsky,female,D,TRUE,209849,73.3
ILH09,FALSE,FALSE,John,Elleson,male,R,FALSE,76373,26.7
ILH10,FALSE,FALSE,Brad,Schneider,male,D,TRUE,152837,65.4
ILH10,FALSE,FALSE,Douglas,Bennett,male,R,FALSE,80737,34.6
ILH11,FALSE,FALSE,Bill,Foster,male,D,TRUE,140929,63.6
ILH11,FALSE,FALSE,Nick,Stella,male,R,FALSE,80782,36.4
ILH12,TRUE,FALSE,Mike,Bost,male,R,TRUE,131613,51.7
ILH12,TRUE,FALSE,Brendan,Kelly,male,D,FALSE,115408,45.3
ILH13,TRUE,FALSE,Rodney,Davis,male,R,TRUE,150586,52.2
ILH13,TRUE,FALSE,Betsy,Londrigan,female,D,FALSE,137846,47.8
ILH14,TRUE,FALSE,Lauren,Underwood,female,D,TRUE,142261,51.9
ILH14,TRUE,FALSE,Randy,Hultgren,male,R,FALSE,131819,48.1
ILH15,FALSE,FALSE,John,Shimkus,male,R,TRUE,175682,71.7
ILH15,FALSE,FALSE,Kevin,Gaither,male,D,FALSE,69304,28.3
ILH16,FALSE,FALSE,Adam,Kinzinger,male,R,TRUE,149205,59.6
ILH16,FALSE,FALSE,Sara,Dady,female,D,FALSE,101059,40.4
ILH17,FALSE,FALSE,Cheri,Bustos,female,D,TRUE,136989,61.9
ILH17,FALSE,FALSE,Bill,Fawell,male,R,FALSE,84381,38.1
ILH18,FALSE,FALSE,Darin,LaHood,male,R,TRUE,193589,67.2
ILH18,FALSE,FALSE,Junius,Rodriguez,male,D,FALSE,94508,32.8
LAH01,FALSE,FALSE,Steve,Scalise,male,R,TRUE,192555,71.5
LAH01,FALSE,FALSE,Tammy,Savoie,female,D,FALSE,44273,16.4
LAH01,FALSE,FALSE,Lee Ann,Dugas,female,D,FALSE,18560,6.9
LAH01,FALSE,FALSE,Jim,Francis,male,D,FALSE,8688,3.2
LAH01,FALSE,FALSE,Howard,Kearney,male,LB,FALSE,2806,1
LAH01,FALSE,FALSE,Frederick,Jones,male,I,FALSE,2443,0.9
LAH02,FALSE,TRUE,Cedric,Richmond,male,D,TRUE,190182,80.6
LAH02,FALSE,TRUE,Jesse,Schmidt,male,I,FALSE,20465,8.7
LAH02,FALSE,TRUE,Belden,Batiste,male,I,FALSE,17260,7.3
LAH02,FALSE,TRUE,Shawndra,Rodriguez,female,I,FALSE,8075,3.4
LAH03,FALSE,FALSE,Clay,Higgins,male,R,TRUE,136876,55.7
LAH03,FALSE,FALSE,Mildred 'Mimi',Methvin,female,D,FALSE,43729,17.8
LAH03,FALSE,FALSE,Josh,Guillory,male,R,FALSE,31387,12.8
LAH03,FALSE,FALSE,Rob,Anderson,male,D,FALSE,13477,5.5
LAH03,FALSE,FALSE,Larry,Rader,male,D,FALSE,9692,3.9
LAH03,FALSE,FALSE,Verone,Thomas,male,D,FALSE,7815,3.2
LAH03,FALSE,FALSE,Aaron,Andrus,male,LB,FALSE,2967,1.2
LAH04,FALSE,FALSE,Mike,Johnson,male,R,TRUE,139326,64.2
LAH04,FALSE,FALSE,Ryan,Trundle,male,D,FALSE,72934,33.6
LAH04,FALSE,FALSE,Mark,Halverson,male,O,FALSE,4612,2.1
LAH05,FALSE,FALSE,Ralph,Abraham,male,R,TRUE,149018,66.5
LAH05,FALSE,FALSE,Jessee,Fleenor,male,D,FALSE,67118,30
LAH05,FALSE,FALSE,Billy,Burkette,male,I,FALSE,4799,2.1
LAH05,FALSE,FALSE,Kyle,Randol,male,LB,FALSE,3011,1.3
LAH06,FALSE,FALSE,Garret,Graves,male,R,TRUE,186553,69.5
LAH06,FALSE,FALSE,Justin,Dewitt,male,D,FALSE,55089,20.5
LAH06,FALSE,FALSE,Andie,Saizan,female,D,FALSE,21627,8.1
LAH06,FALSE,FALSE,Devin,Graham,male,I,FALSE,5256,2
MEH01,FALSE,FALSE,Chellie,Pingree,female,D,TRUE,199175,59
MEH01,FALSE,FALSE,Mark,Holbrook,male,R,FALSE,108107,32
MEH02,TRUE,FALSE,Jared,Golden,male,D,TRUE,139231,50.5
MEH02,TRUE,FALSE,Bruce,Poliquin,male,R,FALSE,136326,49.5
MDH01,FALSE,FALSE,Andy,Harris,male,R,TRUE,183471,60.1
MDH01,FALSE,FALSE,Jesse,Colvin,male,D,FALSE,116228,38.1
MDH02,FALSE,FALSE,Dutch,Ruppersberger,male,D,TRUE,166449,66
MDH02,FALSE,FALSE,Liz,Matory,female,R,FALSE,77638,30.8
MDH03,FALSE,FALSE,John,Sarbanes,male,D,TRUE,200787,69.1
MDH03,FALSE,FALSE,Charles,Anthony,male,R,FALSE,82480,28.4
MDH04,FALSE,FALSE,Anthony,Brown,male,D,TRUE,202625,77.7
MDH04,FALSE,FALSE,George,McDermott,male,R,FALSE,52988,20.3
MDH05,FALSE,FALSE,Steny,Hoyer,male,D,TRUE,209400,70.1
MDH05,FALSE,FALSE,William,Devine,male,R,FALSE,81917,27.4
MDH06,FALSE,FALSE,David,Trone,male,D,TRUE,157859,58.5
MDH06,FALSE,FALSE,Amie,Hoeber,female,R,FALSE,103988,38.5
MDH07,FALSE,FALSE,Elijah,Cummings,male,D,TRUE,201821,76.5
MDH07,FALSE,FALSE,Richmond,Davis,male,R,FALSE,56146,21.3
MDH08,FALSE,FALSE,Jamie,Raskin,male,D,TRUE,208492,67.6
MDH08,FALSE,FALSE,John,Walsh,male,R,FALSE,95224,30.9
MAH01,FALSE,TRUE,Richard,Neal,male,D,TRUE,165499,100
MAH02,FALSE,FALSE,Jim,McGovern,male,D,TRUE,159849,66.6
MAH02,FALSE,FALSE,Tracy,Lovvorn,female,R,FALSE,80139,33.4
MAH03,FALSE,FALSE,Lori,Trahan,female,D,TRUE,156339,62.3
MAH03,FALSE,FALSE,Rick,Green,male,R,FALSE,82772,33
MAH04,FALSE,TRUE,Joe,Kennedy,male,D,TRUE,164072,100
MAH05,FALSE,FALSE,Katherine,Clark,female,D,TRUE,199339,76.7
MAH05,FALSE,FALSE,John,Hugo,male,R,FALSE,60534,23.3
MAH06,FALSE,FALSE,Seth,Moulton,male,D,TRUE,201990,66.5
MAH06,FALSE,FALSE,Joseph,Schneider,male,R,FALSE,92341,30.4
MAH07,FALSE,TRUE,Ayanna,Pressley,female,D,TRUE,208347,100
MAH08,FALSE,TRUE,Stephen,Lynch,male,D,TRUE,205523,100
MAH09,FALSE,FALSE,Bill,Keating,male,D,TRUE,161285,59.8
MAH09,FALSE,FALSE,Peter,Tedeschi,male,R,FALSE,108424,40.2
MIH01,TRUE,FALSE,Jack,Bergman,male,R,TRUE,187312,56.3
MIH01,TRUE,FALSE,Matthew,Morgan,male,D,FALSE,145315,43.7
MIH02,FALSE,FALSE,Bill,Huizenga,male,R,TRUE,169540,55.3
MIH02,FALSE,FALSE,Rob,Davidson,male,D,FALSE,131888,43
MIH03,FALSE,FALSE,Justin,Amash,male,R,TRUE,169109,54.4
MIH03,FALSE,FALSE,Cathy,Albro,female,D,FALSE,134185,43.2
MIH04,FALSE,FALSE,John,Moolenaar,male,R,TRUE,178516,62.6
MIH04,FALSE,FALSE,Jerry,Hilliard,male,D,FALSE,106540,37.4
MIH05,FALSE,FALSE,Daniel,Kildee,male,D,TRUE,164523,59.5
MIH05,FALSE,FALSE,Travis,Wines,male,R,FALSE,99269,35.9
MIH06,TRUE,FALSE,Fred,Upton,male,R,TRUE,147435,50.2
MIH06,TRUE,FALSE,Matt,Longjohn,male,D,FALSE,134081,45.7
MIH07,TRUE,FALSE,Tim,Walberg,male,R,TRUE,158895,53.8
MIH07,TRUE,FALSE,Gretchen,Driskell,female,D,FALSE,136419,46.2
MIH08,TRUE,FALSE,Elissa,Slotkin,female,D,TRUE,172884,50.6
MIH08,TRUE,FALSE,Mike,Bishop,male,R,FALSE,159808,46.8
MIH09,FALSE,FALSE,Andy,Levin,male,D,TRUE,181844,59.6
MIH09,FALSE,FALSE,Candius,Stearns,female,R,FALSE,112309,36.8
MIH10,FALSE,FALSE,Paul,Mitchell,male,R,TRUE,182875,60.3
MIH10,FALSE,FALSE,Kimberly,Bizon,female,D,FALSE,106098,35
MIH11,TRUE,FALSE,Haley,Stevens,female,D,TRUE,181902,51.8
MIH11,TRUE,FALSE,Lena,Epstein,female,R,FALSE,158457,45.2
MIH12,FALSE,FALSE,Debbie,Dingell,female,D,TRUE,200588,68.1
MIH12,FALSE,FALSE,Jeff,Jones,male,R,FALSE,85115,28.9
MIH13,FALSE,TRUE,Rashida,Tlaib,female,D,TRUE,165355,84.6
MIH13,FALSE,TRUE,Sam,Johnson,male,O,FALSE,22186,11.3
MIH13,FALSE,TRUE,Etta,Wilcoxon,female,GR,FALSE,7980,4.1
MIH14,FALSE,FALSE,Brenda,Lawrence,female,D,TRUE,211620,80.8
MIH14,FALSE,FALSE,Marc,Herschfus,male,R,FALSE,45557,17.4
MNH01,TRUE,FALSE,Jim,Hagedorn,male,R,TRUE,146203,50.2
MNH01,TRUE,FALSE,Dan,Feehan,male,D,FALSE,144890,49.8
MNH02,TRUE,FALSE,Angie,Craig,female,D,TRUE,178079,52.8
MNH02,TRUE,FALSE,Jason,Lewis,male,R,FALSE,159437,47.2
MNH03,TRUE,FALSE,Dean,Phillips,male,D,TRUE,202402,55.7
MNH03,TRUE,FALSE,Erik,Paulsen,male,R,FALSE,160839,44.3
MNH04,FALSE,FALSE,Betty,McCollum,female,D,TRUE,216866,66
MNH04,FALSE,FALSE,Greg,Ryan,male,R,FALSE,97746,29.8
MNH05,FALSE,FALSE,Ilhan,Omar,female,D,TRUE,267700,78.2
MNH05,FALSE,FALSE,Jennifer,Zielinski,female,R,FALSE,74443,21.8
MNH06,FALSE,FALSE,Tom,Emmer,male,R,TRUE,192944,61.2
MNH06,FALSE,FALSE,Ian,Todd,male,D,FALSE,122338,38.8
MNH07,FALSE,FALSE,Collin,Peterson,male,D,TRUE,146668,52.1
MNH07,FALSE,FALSE,Dave,Hughes,male,R,FALSE,134671,47.9
MNH08,TRUE,FALSE,Pete,Stauber,male,R,TRUE,159371,50.7
MNH08,TRUE,FALSE,Joe,Radinovich,male,D,FALSE,141952,45.2
MSH01,FALSE,FALSE,Trent,Kelly,male,R,TRUE,156194,66.8
MSH01,FALSE,FALSE,Randy,Wadkins,male,D,FALSE,76047,32.5
MSH02,FALSE,TRUE,Bennie,Thompson,male,D,TRUE,151149,71.8
MSH03,FALSE,FALSE,Michael,Guest,male,R,TRUE,156407,62.5
MSH03,FALSE,FALSE,Michael,Evans,male,D,FALSE,91373,36.5
MSH04,FALSE,FALSE,Steven,Palazzo,male,R,TRUE,144130,69
MSH04,FALSE,FALSE,Jeramey,Anderson,male,D,FALSE,62718,30
MOH01,FALSE,FALSE,Lacy,Clay,male,D,TRUE,216479,80.1
MOH01,FALSE,FALSE,Robert,Vroman,male,R,FALSE,45255,16.7
MOH02,TRUE,FALSE,Ann,Wagner,female,R,TRUE,190008,51.3
MOH02,TRUE,FALSE,Cort,VanOstran,male,D,FALSE,174486,47.1
MOH03,FALSE,FALSE,Blaine,Luetkemeyer,male,R,TRUE,211000,65.1
MOH03,FALSE,FALSE,Katy,Geppert,female,D,FALSE,106478,32.8
MOH04,FALSE,FALSE,Vicky,Hartzler,female,R,TRUE,185784,64.6
MOH04,FALSE,FALSE,Renee,Hoagenson,female,D,FALSE,94071,32.7
MOH05,FALSE,FALSE,Emanuel,Cleaver,male,D,TRUE,173592,61.6
MOH05,FALSE,FALSE,Jacob,Turk,male,R,FALSE,100695,35.7
MOH06,FALSE,FALSE,Sam,Graves,male,R,TRUE,199580,65.4
MOH06,FALSE,FALSE,Henry,Martin,male,D,FALSE,97515,32
MOH07,FALSE,FALSE,Billy,Long,male,R,TRUE,195872,66.3
MOH07,FALSE,FALSE,Jamie,Schoolcraft,male,D,FALSE,88642,30
MOH08,FALSE,FALSE,Jason,Smith,male,R,TRUE,193553,73.4
MOH08,FALSE,FALSE,Kathy,Ellis,female,D,FALSE,65899,25
MTH01,TRUE,FALSE,Greg,Gianforte,male,R,TRUE,256541,50.9
MTH01,TRUE,FALSE,Kathleen,Williams,female,D,FALSE,233207,46.3
NEH01,FALSE,FALSE,Jeff,Fortenberry,male,R,TRUE,140248,60.5
NEH01,FALSE,FALSE,Jessica,McClure,female,D,FALSE,91426,39.5
NEH02,TRUE,FALSE,Don,Bacon,male,R,TRUE,124721,51.3
NEH02,TRUE,FALSE,Kara,Eastman,female,D,FALSE,118225,48.7
NEH03,FALSE,FALSE,Adrian,Smith,male,R,TRUE,162597,76.7
NEH03,FALSE,FALSE,Paul,Theobald,male,D,FALSE,49339,23.3
NVH01,FALSE,FALSE,Dina,Titus,female,D,TRUE,100674,66.2
NVH01,FALSE,FALSE,Joyce,Bentley,female,R,FALSE,46969,30.9
NVH02,FALSE,FALSE,Mark,Amodei,male,R,TRUE,167432,58.2
NVH02,FALSE,FALSE,Clint,Koble,male,D,FALSE,120097,41.8
NVH03,TRUE,FALSE,Susie,Lee,female,D,TRUE,148474,51.9
NVH03,TRUE,FALSE,Danny,Tarkanian,male,R,FALSE,122551,42.8
NVH04,TRUE,FALSE,Steven,Horsford,male,D,TRUE,121936,51.9
NVH04,TRUE,FALSE,Cresent,Hardy,male,R,FALSE,102740,43.8
NHH01,TRUE,FALSE,Chris,Pappas,male,D,TRUE,155741,53.6
NHH01,TRUE,FALSE,Eddie,Edwards,male,R,FALSE,130909,45
NHH02,FALSE,FALSE,Ann,Kuster,female,D,TRUE,155432,55.6
NHH02,FALSE,FALSE,Steve,Negron,male,R,FALSE,117964,42.2
NJH01,FALSE,FALSE,Donald,Norcross,male,D,TRUE,163948,64.3
NJH01,FALSE,FALSE,Paul,Dilks,male,R,FALSE,85193,33.4
NJH02,TRUE,FALSE,Jeff,Van Drew,male,D,TRUE,126561,52.2
NJH02,TRUE,FALSE,Seth,Grossman,male,R,FALSE,111189,45.9
NJH03,TRUE,FALSE,Andrew,Kim,male,D,TRUE,153473,50
NJH03,TRUE,FALSE,Tom,MacArthur,male,R,FALSE,149500,48.7
NJH04,FALSE,FALSE,Chris,Smith,male,R,TRUE,160913,55.5
NJH04,FALSE,FALSE,Joshua,Welle,male,D,FALSE,124718,43
NJH05,FALSE,FALSE,Joshua,Gottheimer,male,D,TRUE,148021,55.2
NJH05,FALSE,FALSE,John,McCann,male,R,FALSE,116505,43.5
NJH06,FALSE,FALSE,Frank,Pallone,male,D,TRUE,135897,63.4
NJH06,FALSE,FALSE,Richard,Pezzullo,male,R,FALSE,78615,36.6
NJH07,TRUE,FALSE,Tom,Malinowski,male,D,TRUE,160045,51.6
NJH07,TRUE,FALSE,Leonard,Lance,male,R,FALSE,145643,46.9
NJH08,FALSE,FALSE,Albio,Sires,male,D,TRUE,114118,77.9
NJH08,FALSE,FALSE,John,Muniz,male,R,FALSE,27746,18.9
NJH09,FALSE,FALSE,Bill,Pascrell,male,D,TRUE,124736,70
NJH09,FALSE,FALSE,Eric,Fisher,male,R,FALSE,52095,29.2
NJH10,FALSE,FALSE,Donald,Payne,male,D,TRUE,167327,87.4
NJH10,FALSE,FALSE,Agha,Khan,male,R,FALSE,19671,10.3
NJH11,TRUE,FALSE,Mikie,Sherrill,female,D,TRUE,162264,56.2
NJH11,TRUE,FALSE,Jay,Webber,male,R,FALSE,123156,42.7
NJH12,FALSE,FALSE,Bonnie,Watson Coleman,female,D,TRUE,167035,68.5
NJH12,FALSE,FALSE,Daryl,Kipnis,male,R,FALSE,76821,31.5
NMH01,FALSE,FALSE,Debra,Haaland,female,D,TRUE,145620,59.1
NMH01,FALSE,FALSE,Janice,Arnold-Jones,female,R,FALSE,89680,36.4
NMH02,TRUE,FALSE,Xochitl,Torres Small,female,D,FALSE,101481,50.9
NMH02,TRUE,FALSE,Yvette,Herrell,female,R,FALSE,97767,49.1
NMH03,FALSE,FALSE,Ben Ray,Lujan,male,D,TRUE,155187,63.4
NMH03,FALSE,FALSE,Steve,McFall,male,R,FALSE,76421,31.2
NYH01,TRUE,FALSE,Lee,Zeldin,male,R,TRUE,130919,52.5
NYH01,TRUE,FALSE,Perry,Gershon,male,D,FALSE,112343,45
NYH02,FALSE,FALSE,Peter,King,male,R,TRUE,122103,53.3
NYH02,FALSE,FALSE,Liuba,Grechen Shirley,female,D,FALSE,106996,46.7
NYH03,FALSE,FALSE,Thomas,Suozzi,male,D,TRUE,145060,58.4
NYH03,FALSE,FALSE,Dan,DeBono,male,R,FALSE,103278,41.6
NYH04,FALSE,FALSE,Kathleen,Rice,female,D,TRUE,149078,61
NYH04,FALSE,FALSE,Ameer,Benno,male,R,FALSE,95187,39
NYH05,FALSE,TRUE,Gregory,Meeks,male,D,TRUE,150112,100
NYH06,FALSE,TRUE,Grace,Meng,female,D,TRUE,103823,90.8
NYH06,FALSE,TRUE,Tom,Hillgardner,male,GR,FALSE,10514,9.2
NYH07,FALSE,TRUE,Nydia,Velazquez,female,D,TRUE,137444,93.4
NYH08,FALSE,TRUE,Hakeem,Jeffries,male,D,TRUE,166981,94.1
NYH08,FALSE,TRUE,Ernest,Johnson,male,C,FALSE,9514,5.4
NYH08,FALSE,TRUE,Jessica,White,female,O,FALSE,963,0.5
NYH09,FALSE,FALSE,Yvette,Clarke,female,D,TRUE,167199,89.3
NYH09,FALSE,FALSE,Lutchi,Guyot,male,R,FALSE,19336,10.3
NYH10,FALSE,FALSE,Jerrold,Nadler,male,D,TRUE,146749,81.2
NYH10,FALSE,FALSE,Naomi,Levin,female,R,FALSE,33931,18.8
NYH11,TRUE,FALSE,Max,Rose,male,D,TRUE,95458,52.8
NYH11,TRUE,FALSE,Dan,Donovan,male,R,FALSE,84665,46.8
NYH12,FALSE,FALSE,Carolyn,Maloney,female,D,TRUE,194974,86.2
NYH12,FALSE,FALSE,Eliot,Rabin,male,R,FALSE,27838,12.3
NYH13,FALSE,FALSE,Adriano,Espaillat,male,D,TRUE,167667,94.6
NYH13,FALSE,FALSE,Jineea,Butler,female,R,FALSE,9525,5.4
NYH14,FALSE,FALSE,Alexandria,Ocasio-Cortez,female,D,TRUE,100044,78
NYH14,FALSE,FALSE,Anthony,Pappas,male,R,FALSE,17762,13.8
NYH14,FALSE,FALSE,Joe,Crowley,male,O,FALSE,8505,6.6
NYH15,FALSE,FALSE,Jose,Serrano,male,D,TRUE,112798,96
NYH15,FALSE,FALSE,Jason,Gonzalez,male,R,FALSE,4647,4
NYH16,FALSE,TRUE,Eliot,Engel,male,D,TRUE,165825,100
NYH17,FALSE,TRUE,Nita,Lowey,female,D,TRUE,157632,87.9
NYH17,FALSE,TRUE,Joseph,Ciardullo,male,O,FALSE,21674,12.1
NYH18,FALSE,FALSE,Sean,Maloney,male,D,TRUE,130420,55.1
NYH18,FALSE,FALSE,James,O'Donnell,male,R,FALSE,106381,44.9
NYH19,TRUE,FALSE,Antonio,Delgado,male,D,TRUE,132001,50.2
NYH19,TRUE,FALSE,John,Faso,male,R,FALSE,124408,47.3
NYH20,FALSE,FALSE,Paul,Tonko,male,D,TRUE,164325,66.1
NYH20,FALSE,FALSE,Joe,Vitollo,male,R,FALSE,84178,33.9
NYH21,FALSE,FALSE,Elise,Stefanik,female,R,TRUE,122863,56.7
NYH21,FALSE,FALSE,Tedra,Cobb,female,D,FALSE,90526,41.8
NYH22,TRUE,FALSE,Anthony,Brindisi,male,D,TRUE,119606,50.4
NYH22,TRUE,FALSE,Claudia,Tenney,female,R,FALSE,117782,49.6
NYH23,FALSE,FALSE,Thomas,Reed,male,R,TRUE,123093,55
NYH23,FALSE,FALSE,Tracy,Mitrano,female,D,FALSE,100684,45
NYH24,TRUE,FALSE,John,Katko,male,R,TRUE,129276,53.1
NYH24,TRUE,FALSE,Dana,Balter,female,D,FALSE,114102,46.9
NYH25,FALSE,FALSE,Joseph,Morelle,male,D,TRUE,149993,58.6
NYH25,FALSE,FALSE,Jim,Maxwell,male,R,FALSE,105925,41.4
NYH26,FALSE,FALSE,Brian,Higgins,male,D,TRUE,163926,73.6
NYH26,FALSE,FALSE,Renee,Zeno,female,R,FALSE,58701,26.4
NYH27,TRUE,FALSE,Chris,Collins,male,R,TRUE,136226,49.4
NYH27,TRUE,FALSE,Nate,McMurray,male,D,FALSE,133892,48.5
NCH01,FALSE,FALSE,G.K.,Butterfield,male,D,TRUE,190445,69.8
NCH01,FALSE,FALSE,Roger,Allison,male,R,FALSE,82209,30.2
NCH02,TRUE,FALSE,George,Holding,male,R,TRUE,170050,51.3
NCH02,TRUE,FALSE,Linda,Coleman,female,D,FALSE,151966,45.8
NCH03,FALSE,TRUE,Walter,Jones,male,R,TRUE,187901,100
NCH04,FALSE,FALSE,David,Price,male,D,TRUE,247067,72.4
NCH04,FALSE,FALSE,Steve,Loor,male,R,FALSE,82052,24
NCH05,FALSE,FALSE,Virginia,Foxx,female,R,TRUE,159915,57
NCH05,FALSE,FALSE,DD,Adams,female,D,FALSE,120462,43
NCH06,FALSE,FALSE,Mark,Walker,male,R,TRUE,160636,56.5
NCH06,FALSE,FALSE,Ryan,Watts,male,D,FALSE,123601,43.5
NCH07,FALSE,FALSE,David,Rouzer,male,R,TRUE,156797,55.5
NCH07,FALSE,FALSE,Kyle,Horton,female,D,FALSE,120804,42.8
NCH08,FALSE,FALSE,Richard,Hudson,male,R,TRUE,141371,55.3
NCH08,FALSE,FALSE,Frank,McNeill,male,D,FALSE,114057,44.7
NCH09,TRUE,FALSE,Mark,Harris,male,R,TRUE,139246,49.3
NCH09,TRUE,FALSE,Dan,McCready,male,D,FALSE,138341,48.9
NCH10,FALSE,FALSE,Patrick,McHenry,male,R,TRUE,164969,59.3
NCH10,FALSE,FALSE,David,Brown,male,D,FALSE,113259,40.7
NCH11,FALSE,FALSE,Mark,Meadows,male,R,TRUE,178012,59.2
NCH11,FALSE,FALSE,Phillip,Price,male,D,FALSE,116508,38.7
NCH12,FALSE,FALSE,Alma,Adams,female,D,TRUE,203974,73.1
NCH12,FALSE,FALSE,Paul,Wright,male,R,FALSE,75164,26.9
NCH13,TRUE,FALSE,Ted,Budd,male,R,TRUE,147570,51.5
NCH13,TRUE,FALSE,Kathy,Manning,female,D,FALSE,130402,45.5
NDH01,FALSE,FALSE,Kelly,Armstrong,male,R,TRUE,192733,60.3
NDH01,FALSE,FALSE,Mac,Schneider,male,D,FALSE,113891,35.6
OHH01,TRUE,FALSE,Steve,Chabot,male,R,TRUE,152924,51.2
OHH01,TRUE,FALSE,Aftab,Pureval,male,D,FALSE,140261,47
OHH02,FALSE,FALSE,Brad,Wenstrup,male,R,TRUE,164802,57.5
OHH02,FALSE,FALSE,Jill,Schiller,female,D,FALSE,118378,41.3
OHH03,FALSE,FALSE,Joyce,Beatty,female,D,TRUE,174421,73.3
OHH03,FALSE,FALSE,Jim,Burgess,male,R,FALSE,63470,26.7
OHH04,FALSE,FALSE,Jim,Jordan,male,R,TRUE,164640,65.4
OHH04,FALSE,FALSE,Janet,Garrett,female,D,FALSE,87061,34.6
OHH05,FALSE,FALSE,Bob,Latta,male,R,TRUE,173894,62.5
OHH05,FALSE,FALSE,J. Michael,Galbraith,male,D,FALSE,97352,35
OHH06,FALSE,FALSE,Bill,Johnson,male,R,TRUE,169668,69.3
OHH06,FALSE,FALSE,Shawna,Roberts,female,D,FALSE,75226,30.7
OHH07,TRUE,FALSE,Bob,Gibbs,male,R,TRUE,150317,58.9
OHH07,TRUE,FALSE,Ken,Harbaugh,male,D,FALSE,105105,41.1
OHH08,FALSE,FALSE,Warren,Davidson,male,R,TRUE,170561,66.8
OHH08,FALSE,FALSE,Vanessa,Enoch,female,D,FALSE,84738,33.2
OHH09,FALSE,FALSE,Marcy,Kaptur,female,D,TRUE,152682,67.6
OHH09,FALSE,FALSE,Steve,Kraus,male,R,FALSE,73183,32.4
OHH10,FALSE,FALSE,Mike,Turner,male,R,TRUE,153640,56.2
OHH10,FALSE,FALSE,Theresa,Gasper,female,D,FALSE,114699,41.9
OHH11,FALSE,FALSE,Marcia,Fudge,female,D,TRUE,197147,81.9
OHH11,FALSE,FALSE,Beverly,Goldstein,female,R,FALSE,43453,18.1
OHH12,TRUE,FALSE,Troy,Balderson,male,R,TRUE,171757,51.6
OHH12,TRUE,FALSE,Danny,O'Connor,male,D,FALSE,156863,47.1
OHH13,FALSE,FALSE,Tim,Ryan,male,D,TRUE,149271,60.8
OHH13,FALSE,FALSE,Chris,DePizzo,male,R,FALSE,96225,39.2
OHH14,TRUE,FALSE,David,Joyce,male,R,TRUE,166483,55.4
OHH14,TRUE,FALSE,Betsy,Rader,female,D,FALSE,134059,44.6
OHH15,FALSE,FALSE,Steve,Stivers,male,R,TRUE,166632,58.5
OHH15,FALSE,FALSE,Rick,Neal,male,D,FALSE,112546,39.5
OHH16,FALSE,FALSE,Anthony,Gonzalez,male,R,TRUE,166933,56.8
OHH16,FALSE,FALSE,Susan Moran,Palmer,female,D,FALSE,126736,43.2
OKH01,FALSE,FALSE,Kevin,Hern,male,R,TRUE,150129,59.3
OKH01,FALSE,FALSE,Tim,Gilpin,male,D,FALSE,103042,40.7
OKH02,FALSE,FALSE,Markwayne,Mullin,male,R,TRUE,140451,65
OKH02,FALSE,FALSE,Jason,Nichols,male,D,FALSE,65021,30.1
OKH03,FALSE,FALSE,Frank,Lucas,male,R,TRUE,172953,73.9
OKH03,FALSE,FALSE,Frankie,Robbins,male,D,FALSE,61152,26.1
OKH04,FALSE,FALSE,Tom,Cole,male,R,TRUE,149227,63.1
OKH04,FALSE,FALSE,Mary,Brannon,female,D,FALSE,78088,33
OKH05,FALSE,FALSE,Kendra,Horn,female,D,TRUE,121149,50.7
OKH05,FALSE,FALSE,Steve,Russell,male,R,FALSE,117811,49.3
ORH01,FALSE,FALSE,Suzanne,Bonamici,female,D,TRUE,229157,63.7
ORH01,FALSE,FALSE,John,Verbeek,male,R,FALSE,115550,32.1
ORH02,FALSE,FALSE,Greg,Walden,male,R,TRUE,206387,56.7
ORH02,FALSE,FALSE,Jamie,McLeod-Skinner,female,D,FALSE,142423,39.1
ORH03,FALSE,FALSE,Earl,Blumenauer,male,D,TRUE,278516,72.7
ORH03,FALSE,FALSE,Tom,Harrison,male,R,FALSE,76072,19.9
ORH04,FALSE,FALSE,Peter,DeFazio,male,D,TRUE,206689,56
ORH04,FALSE,FALSE,Art,Robinson,male,R,FALSE,151089,41
ORH05,FALSE,FALSE,Kurt,Schrader,male,D,TRUE,195784,55.1
ORH05,FALSE,FALSE,Mark,Callahan,male,R,FALSE,149017,41.9
PAH01,TRUE,FALSE,Brian,Fitzpatrick,male,R,TRUE,169011,51.3
PAH01,TRUE,FALSE,Scott,Wallace,male,D,FALSE,160707,48.7
PAH02,FALSE,FALSE,Brendan,Boyle,male,D,TRUE,155955,79
PAH02,FALSE,FALSE,David,Torres,male,R,FALSE,41540,21
PAH03,FALSE,FALSE,Dwight,Evans,male,D,TRUE,278122,93.4
PAH03,FALSE,FALSE,Bryan,Leib,male,R,FALSE,19700,6.6
PAH04,FALSE,FALSE,Madeleine,Dean,female,D,TRUE,210300,63.4
PAH04,FALSE,FALSE,Dan,David,male,R,FALSE,121212,36.6
PAH05,TRUE,FALSE,Mary Gay,Scanlon,female,D,TRUE,191571,65.1
PAH05,TRUE,FALSE,Pearl,Kim,female,R,FALSE,102815,34.9
PAH06,TRUE,FALSE,Chrissy,Houlahan,female,D,TRUE,177704,58.9
PAH06,TRUE,FALSE,Greg,McCauley,male,R,FALSE,124124,41.1
PAH07,TRUE,FALSE,Susan,Wild,female,D,TRUE,140813,53.5
PAH07,TRUE,FALSE,Marty,Nothstein,male,R,FALSE,114437,43.5
PAH08,TRUE,FALSE,Matt,Cartwright,male,D,TRUE,135555,54.6
PAH08,TRUE,FALSE,John,Chrin,male,R,FALSE,112537,45.4
PAH09,FALSE,FALSE,Daniel,Meuser,male,R,TRUE,148667,59.8
PAH09,FALSE,FALSE,Denny,Wolff,male,D,FALSE,100130,40.2
PAH10,TRUE,FALSE,Scott,Perry,male,R,TRUE,149316,51.3
PAH10,TRUE,FALSE,George,Scott,male,D,FALSE,141565,48.7
PAH11,FALSE,FALSE,Lloyd,Smucker,male,R,TRUE,163325,58.6
PAH11,FALSE,FALSE,Jess,King,female,D,FALSE,115187,41.4
PAH12,FALSE,FALSE,Thomas,Marino,male,R,TRUE,161529,66.1
PAH12,FALSE,FALSE,Marc,Friedenberg,male,D,FALSE,82873,33.9
PAH13,FALSE,FALSE,John,Joyce,male,R,TRUE,178516,70.5
PAH13,FALSE,FALSE,Brent,Ottaway,male,D,FALSE,74714,29.5
PAH14,TRUE,FALSE,Guy,Reschenthaler,male,R,TRUE,149181,58
PAH14,TRUE,FALSE,Bibiana,Boerio,female,D,FALSE,108218,42
PAH15,FALSE,FALSE,Glenn,Thompson,male,R,TRUE,165231,67.9
PAH15,FALSE,FALSE,Susan,Boser,female,D,FALSE,78276,32.1
PAH16,TRUE,FALSE,Mike,Kelly,male,R,TRUE,135348,51.6
PAH16,TRUE,FALSE,Ron,DiNicola,male,D,FALSE,124109,47.3
PAH17,TRUE,FALSE,Conor,Lamb,male,D,TRUE,181407,56.2
PAH17,TRUE,FALSE,Keith,Rothfus,male,R,FALSE,141373,43.8
PAH18,FALSE,TRUE,Mike,Doyle,male,D,TRUE,229098,100
RIH01,FALSE,FALSE,David,Cicilline,male,D,TRUE,116022,66.8
RIH01,FALSE,FALSE,Patrick,Donovan,male,R,FALSE,57566,33.2
RIH02,FALSE,FALSE,Jim,Langevin,male,D,TRUE,126415,63.6
RIH02,FALSE,FALSE,Salvatore,Caiozzo,male,R,FALSE,72270,36.4
SCH01,TRUE,FALSE,Joe,Cunningham,male,D,TRUE,145455,50.7
SCH01,TRUE,FALSE,Katie,Arrington,female,R,FALSE,141473,49.3
SCH02,FALSE,FALSE,Joe,Wilson,male,R,TRUE,144642,56.3
SCH02,FALSE,FALSE,Sean,Carrigan,male,D,FALSE,109199,42.5
SCH03,FALSE,FALSE,Jeff,Duncan,male,R,TRUE,153338,67.8
SCH03,FALSE,FALSE,Mary,Geren,female,D,FALSE,70046,31
SCH04,FALSE,FALSE,William,Timmons,male,R,TRUE,145321,59.6
SCH04,FALSE,FALSE,Brandon,Brown,male,D,FALSE,89182,36.6
SCH05,FALSE,FALSE,Ralph,Norman,male,R,TRUE,141757,57.1
SCH05,FALSE,FALSE,Archie,Parnell,male,D,FALSE,103129,41.5
SCH06,FALSE,FALSE,Jim,Clyburn,male,D,TRUE,144765,70.2
SCH06,FALSE,FALSE,Gerhard,Gressmann,male,R,FALSE,58282,28.3
SCH07,FALSE,FALSE,Tom,Rice,male,R,TRUE,142681,59.6
SCH07,FALSE,FALSE,Robert,Williams,male,D,FALSE,96564,40.4
SDH01,FALSE,FALSE,Dusty,Johnson,male,R,TRUE,202695,60.3
SDH01,FALSE,FALSE,Tim,Bjorkman,male,D,FALSE,121033,36
TNH01,FALSE,FALSE,Phil,Roe,male,R,TRUE,172708,77.1
TNH01,FALSE,FALSE,Marty,Olsen,male,D,FALSE,47087,21
TNH02,FALSE,FALSE,Tim,Burchett,male,R,TRUE,172765,65.9
TNH02,FALSE,FALSE,Renee,Hoyos,female,D,FALSE,86611,33.1
TNH03,FALSE,FALSE,Chuck,Fleischmann,male,R,TRUE,156396,63.7
TNH03,FALSE,FALSE,Danielle,Mitchell,female,D,FALSE,84633,34.5
TNH04,FALSE,FALSE,Scott,DesJarlais,male,R,TRUE,147196,63.4
TNH04,FALSE,FALSE,Mariah,Phillips,female,D,FALSE,77955,33.6
TNH05,FALSE,FALSE,Jim,Cooper,male,D,TRUE,177661,67.8
TNH05,FALSE,FALSE,Jody,Ball,male,R,FALSE,84196,32.2
TNH06,FALSE,FALSE,John,Rose,male,R,TRUE,172684,69.5
TNH06,FALSE,FALSE,Dawn,Barlow,female,D,FALSE,70298,28.3
TNH07,FALSE,FALSE,Mark,Green,male,R,TRUE,170001,66.9
TNH07,FALSE,FALSE,Justin,Kanew,male,D,FALSE,81610,32.1
TNH08,FALSE,FALSE,David,Kustoff,male,R,TRUE,166978,67.6
TNH08,FALSE,FALSE,Erika,Pearson,female,D,FALSE,74345,30.1
TNH09,FALSE,FALSE,Steve,Cohen,male,D,TRUE,143690,79.9
TNH09,FALSE,FALSE,Charlotte,Bergmann,female,R,FALSE,34710,19.3
TXH01,FALSE,FALSE,Louie,Gohmert,male,R,TRUE,167734,72.3
TXH01,FALSE,FALSE,Shirley,McKellar,female,D,FALSE,60957,26.3
TXH02,FALSE,FALSE,Dan,Crenshaw,male,R,TRUE,139012,52.9
TXH02,FALSE,FALSE,Todd,Litton,male,D,FALSE,119708,45.5
TXH03,FALSE,FALSE,Van,Taylor,male,R,TRUE,168775,54.3
TXH03,FALSE,FALSE,Lorie,Burch,female,D,FALSE,137547,44.2
TXH04,FALSE,FALSE,John,Ratcliffe,male,R,TRUE,188003,75.7
TXH04,FALSE,FALSE,Catherine,Krantz,female,D,FALSE,57209,23
TXH05,FALSE,FALSE,Lance,Gooden,male,R,TRUE,130508,62.4
TXH05,FALSE,FALSE,Dan,Wood,male,D,FALSE,78638,37.6
TXH06,FALSE,FALSE,Ron,Wright,male,R,TRUE,135908,53.1
TXH06,FALSE,FALSE,Jana Lynne,Sanchez,female,D,FALSE,116302,45.4
TXH07,TRUE,FALSE,Lizzie,Fletcher,female,D,TRUE,127568,52.5
TXH07,TRUE,FALSE,John,Culberson,male,R,FALSE,115418,47.5
TXH08,FALSE,FALSE,Kevin,Brady,male,R,TRUE,200367,73.5
TXH08,FALSE,FALSE,Steven,David,male,D,FALSE,67748,24.8
TXH09,FALSE,TRUE,Al,Green,male,D,TRUE,135941,89.1
TXH09,FALSE,TRUE,Phil,Kurtz,male,LB,FALSE,5928,3.9
TXH09,FALSE,TRUE,Benjamin,Hernandez,male,I,FALSE,5766,3.8
TXH09,FALSE,TRUE,Kesha,Rogers,female,I,FALSE,5018,3.3
TXH10,FALSE,FALSE,Michael,McCaul,male,R,TRUE,154807,50.9
TXH10,FALSE,FALSE,Mike,Siegel,male,D,FALSE,142728,46.9
TXH11,FALSE,FALSE,Mike,Conaway,male,R,TRUE,174749,80.2
TXH11,FALSE,FALSE,Jennie Lou,Leeder,female,D,FALSE,40028,18.4
TXH12,FALSE,FALSE,Kay,Granger,female,R,TRUE,172471,64.3
TXH12,FALSE,FALSE,Vanessa,Adia,female,D,FALSE,90970,33.9
TXH13,FALSE,FALSE,Mac,Thornberry,male,R,TRUE,168090,81.6
TXH13,FALSE,FALSE,Greg,Sagan,male,D,FALSE,34859,16.9
TXH14,FALSE,FALSE,Randy,Weber,male,R,TRUE,138342,59.3
TXH14,FALSE,FALSE,Adrienne,Bell,female,D,FALSE,91663,39.3
TXH15,FALSE,FALSE,Vicente,Gonzalez,male,D,TRUE,98089,59.7
TXH15,FALSE,FALSE,Tim,Westley,male,R,FALSE,63593,38.7
TXH16,FALSE,FALSE,Veronica,Escobar,female,D,TRUE,122676,68.4
TXH16,FALSE,FALSE,Rick,Seeberger,male,R,FALSE,48495,27.1
TXH17,FALSE,FALSE,Bill,Flores,male,R,TRUE,134375,56.9
TXH17,FALSE,FALSE,Rick,Kennedy,male,D,FALSE,97574,41.3
TXH18,FALSE,FALSE,Sheila,Jackson Lee,female,D,TRUE,138423,75.2
TXH18,FALSE,FALSE,Ava,Pate,female,R,FALSE,38306,20.8
TXH19,FALSE,FALSE,Jodey,Arrington,male,R,TRUE,152012,75.3
TXH19,FALSE,FALSE,Miguel,Levario,male,D,FALSE,49941,24.7
TXH20,FALSE,TRUE,Joaquin,Castro,male,D,TRUE,138249,80.9
TXH20,FALSE,TRUE,Jeffrey,Blunt,male,LB,FALSE,32727,19.1
TXH21,TRUE,FALSE,Chip,Roy,male,R,TRUE,176913,50.3
TXH21,TRUE,FALSE,Joseph,Kopser,male,D,FALSE,167020,47.5
TXH22,FALSE,FALSE,Pete,Olson,male,R,TRUE,152368,51.4
TXH22,FALSE,FALSE,Sri,Kulkarni,male,D,FALSE,137592,46.4
TXH23,TRUE,FALSE,Will,Hurd,male,R,TRUE,102903,49.2
TXH23,TRUE,FALSE,Gina,Ortiz Jones,female,D,FALSE,101753,48.7
TXH24,FALSE,FALSE,Kenny,Marchant,male,R,TRUE,133291,51.6
TXH24,FALSE,FALSE,Jan,McDowell,female,D,FALSE,125165,48.4
TXH25,FALSE,FALSE,Roger,Williams,male,R,TRUE,162291,53.6
TXH25,FALSE,FALSE,Julie,Oliver,female,D,FALSE,135290,44.7
TXH26,FALSE,FALSE,Michael,Burgess,male,R,TRUE,185326,59.4
TXH26,FALSE,FALSE,Linsey,Fagan,female,D,FALSE,121671,39
TXH27,FALSE,FALSE,Michael,Cloud,male,R,TRUE,124958,60.3
TXH27,FALSE,FALSE,Eric,Holguin,male,D,FALSE,75761,36.6
TXH28,FALSE,TRUE,Henry,Cuellar,male,D,TRUE,117178,84.4
TXH28,FALSE,TRUE,Arthur,Thomas,male,LB,FALSE,21647,15.6
TXH29,FALSE,FALSE,Sylvia,Garcia,female,D,TRUE,87997,75.1
TXH29,FALSE,FALSE,Phillip,Aronoff,male,R,FALSE,28045,23.9
TXH30,FALSE,TRUE,Eddie Bernice,Johnson,female,D,TRUE,166784,91.1
TXH30,FALSE,TRUE,Shawn,Jones,male,LB,FALSE,16390,8.9
TXH31,TRUE,FALSE,John,Carter,male,R,TRUE,144401,50.6
TXH31,TRUE,FALSE,MJ,Hegar,female,D,FALSE,135843,47.6
TXH32,TRUE,FALSE,Colin,Allred,male,D,TRUE,144032,52.3
TXH32,TRUE,FALSE,Pete,Sessions,male,R,FALSE,126066,45.8
TXH33,FALSE,FALSE,Marc,Veasey,male,D,TRUE,90805,76.2
TXH33,FALSE,FALSE,Willie,Billups,male,R,FALSE,26120,21.9
TXH34,FALSE,FALSE,Filemon,Vela,male,D,TRUE,85647,60
TXH34,FALSE,FALSE,Rey,Gonzalez,male,R,FALSE,57157,40
TXH35,FALSE,FALSE,Lloyd,Doggett,male,D,TRUE,137325,71.2
TXH35,FALSE,FALSE,David,Smalling,male,R,FALSE,50276,26.1
TXH36,FALSE,FALSE,Brian,Babin,male,R,TRUE,160792,72.6
TXH36,FALSE,FALSE,Dayna,Steele,female,D,FALSE,60763,27.4
UTH01,FALSE,FALSE,Rob,Bishop,male,R,TRUE,156692,61.6
UTH01,FALSE,FALSE,Lee,Castillo,male,D,FALSE,63308,24.9
UTH02,FALSE,FALSE,Chris,Stewart,male,R,TRUE,151489,56.1
UTH02,FALSE,FALSE,Shireen,Ghorbani,female,D,FALSE,105051,38.9
UTH03,FALSE,FALSE,John,Curtis,male,R,TRUE,174856,67.5
UTH03,FALSE,FALSE,James,Singer,male,D,FALSE,70686,27.3
UTH04,TRUE,FALSE,Ben,McAdams,male,D,FALSE,134964,50.1
UTH04,TRUE,FALSE,Mia,Love,female,R,FALSE,134270,49.9
VTH01,FALSE,FALSE,Peter,Welch,male,D,TRUE,188544,69.2
VTH01,FALSE,FALSE,Anya,Tynio,female,R,FALSE,70705,26
VAH01,FALSE,FALSE,Rob,Wittman,male,R,TRUE,183250,55.2
VAH01,FALSE,FALSE,Vangie,Williams,female,D,FALSE,148464,44.8
VAH02,TRUE,FALSE,Elaine,Luria,female,D,TRUE,139571,51.1
VAH02,TRUE,FALSE,Scott,Taylor,male,R,FALSE,133458,48.9
VAH03,FALSE,TRUE,Bobby,Scott,male,D,TRUE,198615,100
VAH04,FALSE,FALSE,Donald,McEachin,male,D,TRUE,187642,62.6
VAH04,FALSE,FALSE,Ryan,McAdams,male,R,FALSE,107706,36
VAH05,TRUE,FALSE,Denver,Riggleman,male,R,TRUE,165339,53.3
VAH05,TRUE,FALSE,Leslie,Cockburn,female,D,FALSE,145040,46.7
VAH06,FALSE,FALSE,Ben,Cline,male,R,TRUE,167957,59.8
VAH06,FALSE,FALSE,Jennifer,Lewis,female,D,FALSE,113133,40.2
VAH07,TRUE,FALSE,Abigail,Spanberger,female,D,TRUE,176079,50.4
VAH07,TRUE,FALSE,Dave,Brat,male,R,FALSE,169295,48.4
VAH08,FALSE,FALSE,Donald,Beyer,male,D,TRUE,247137,76.3
VAH08,FALSE,FALSE,Thomas,Oh,male,R,FALSE,76899,23.7
VAH09,FALSE,FALSE,Morgan,Griffith,male,R,TRUE,160933,65.2
VAH09,FALSE,FALSE,Anthony,Flaccavento,male,D,FALSE,85833,34.8
VAH10,TRUE,FALSE,Jennifer,Wexton,female,D,TRUE,206356,56.2
VAH10,TRUE,FALSE,Barbara,Comstock,female,R,FALSE,160841,43.8
VAH11,FALSE,FALSE,Gerry,Connolly,male,D,TRUE,219191,71.2
VAH11,FALSE,FALSE,Jeff,Dove,male,R,FALSE,83023,27
WAH01,FALSE,FALSE,Suzan,DelBene,female,D,TRUE,196799,59.3
WAH01,FALSE,FALSE,Jeffrey,Beeler,male,R,FALSE,135323,40.7
WAH02,FALSE,TRUE,Rick,Larsen,male,D,TRUE,209433,71.3
WAH02,FALSE,TRUE,Brian,Luke,male,LB,FALSE,84361,28.7
WAH03,TRUE,FALSE,Jaime,Herrera Beutler,female,R,TRUE,161298,52.7
WAH03,TRUE,FALSE,Carolyn,Long,female,D,FALSE,144948,47.3
WAH04,FALSE,FALSE,Dan,Newhouse,male,R,TRUE,139867,63
WAH04,FALSE,FALSE,Christine,Brown,female,D,FALSE,82285,37
WAH05,TRUE,FALSE,Cathy,McMorris Rodgers,female,R,TRUE,173802,54.8
WAH05,TRUE,FALSE,Lisa,Brown,female,D,FALSE,143419,45.2
WAH06,FALSE,FALSE,Derek,Kilmer,male,D,TRUE,205654,63.9
WAH06,FALSE,FALSE,Douglas,Dightman,male,R,FALSE,116238,36.1
WAH07,FALSE,FALSE,Pramila,Jayapal,female,D,TRUE,329301,83.6
WAH07,FALSE,FALSE,Craig,Keller,male,R,FALSE,64819,16.4
WAH08,TRUE,FALSE,Kim,Schrier,female,D,TRUE,163575,52.4
WAH08,TRUE,FALSE,Dino,Rossi,male,R,FALSE,148592,47.6
WAH09,FALSE,TRUE,Adam,Smith,male,D,TRUE,163145,67.9
WAH09,FALSE,TRUE,Sarah,Smith,female,D,FALSE,77085,32.1
WAH10,FALSE,FALSE,Denny,Heck,male,D,TRUE,165979,61.5
WAH10,FALSE,FALSE,Joseph,Brumbles,male,R,FALSE,103713,38.5
WVH01,FALSE,FALSE,David,McKinley,male,R,TRUE,127997,64.6
WVH01,FALSE,FALSE,Kendra,Fershee,female,D,FALSE,70216,35.4
WVH02,FALSE,FALSE,Alex,Mooney,male,R,TRUE,110504,54
WVH02,FALSE,FALSE,Talley,Sergent,female,D,FALSE,88011,43
WVH02,FALSE,FALSE,Daniel,Lutz,male,O,FALSE,6277,3.1
WVH03,TRUE,FALSE,Carol,Miller,female,R,TRUE,98643,56.4
WVH03,TRUE,FALSE,Richard,Ojeda,male,D,FALSE,76338,43.6
WIH01,TRUE,FALSE,Bryan,Steil,male,R,TRUE,177490,54.6
WIH01,TRUE,FALSE,Randy,Bryce,male,D,FALSE,137507,42.3
WIH02,FALSE,TRUE,Mark,Pocan,male,D,TRUE,309025,100
WIH03,FALSE,FALSE,Ron,Kind,male,D,TRUE,187612,59.7
WIH03,FALSE,FALSE,Steve,Toft,male,R,FALSE,126897,40.3
WIH04,FALSE,FALSE,Gwen,Moore,female,D,TRUE,208127,75.5
WIH04,FALSE,FALSE,Tim,Rogers,male,R,FALSE,60240,21.9
WIH05,FALSE,FALSE,Jim,Sensenbrenner,male,R,TRUE,224398,62
WIH05,FALSE,FALSE,Tom,Palzewicz,male,D,FALSE,137536,38
WIH06,TRUE,FALSE,Glenn,Grothman,male,R,TRUE,180726,55.5
WIH06,TRUE,FALSE,Dan,Kohl,male,D,FALSE,144781,44.5
WIH07,FALSE,FALSE,Sean,Duffy,male,R,TRUE,192750,60.2
WIH07,FALSE,FALSE,Margaret,Engebretson,female,D,FALSE,123326,38.5
WIH08,FALSE,FALSE,Mike,Gallagher,male,R,TRUE,209400,63.7
WIH08,FALSE,FALSE,Beau,Liegeois,male,D,FALSE,119263,36.3
WYH01,FALSE,FALSE,Liz,Cheney,female,R,TRUE,127963,63.7
WYH01,FALSE,FALSE,Greg,Hunter,male,D,FALSE,59903,29.8